workload,variant,structure,n,time_ms,steps,moves,comparisons
W1,-,DynamicArray,100,0.019,10000,0,0
W1,-,MyLinkedList,100,0.417,501327,0,0
W2,-,DynamicArray,100,0.059,75042,0,75042
W2,-,MyLinkedList,100,0.128,74542,0,75042
W3,head,DynamicArray,100,0.121,0,1200120,0
W3,head,MyLinkedList,100,0.008,0,3000,0
W3,middle,DynamicArray,100,0.114,0,1100120,0
W3,middle,MyLinkedList,100,0.070,98000,3000,0
W4,-,MinHeap,100,0.007,1135,1267,1035
W1,-,DynamicArray,1000,0.019,10000,0,0
W1,-,MyLinkedList,1000,5.085,5011262,0,0
W2,-,DynamicArray,1000,0.427,737009,0,737009
W2,-,MyLinkedList,1000,1.204,736509,0,737009
W3,head,DynamicArray,1000,0.241,0,3000280,0
W3,head,MyLinkedList,1000,0.008,0,3000,0
W3,middle,DynamicArray,1000,0.176,0,2000280,0
W3,middle,MyLinkedList,1000,0.998,998000,3000,0
W4,-,MinHeap,1000,0.106,18226,19463,17226
W1,-,DynamicArray,10000,0.019,10000,0,0
W1,-,MyLinkedList,10000,73.070,50178951,0,0
W2,-,DynamicArray,10000,4.215,7441765,0,7441765
W2,-,MyLinkedList,10000,11.465,7441265,0,7441765
W3,head,DynamicArray,10000,1.845,0,21009240,0
W3,head,MyLinkedList,10000,0.008,0,3000,0
W3,middle,DynamicArray,10000,0.879,0,11009240,0
W3,middle,MyLinkedList,10000,17.790,9998000,3000,0
W4,-,MinHeap,10000,1.259,249329,259325,239329
W1,-,DynamicArray,100000,0.061,10000,0,0
W1,-,MyLinkedList,100000,757.440,504930938,0,0
W2,-,DynamicArray,100000,40.532,73682044,0,73682044
W2,-,MyLinkedList,100000,114.235,73681544,0,73682044
W3,head,DynamicArray,100000,22.287,0,200999000,0
W3,head,MyLinkedList,100000,0.008,0,3000,0
W3,middle,DynamicArray,100000,8.569,0,100999000,0
W3,middle,MyLinkedList,100000,141.192,99998000,3000,0
W4,-,MinHeap,100000,10.062,3159125,3320189,3059125
